threshold,review_queue_volume,precision,recall,review_cost,missed_fraud_loss,total_cost,is_chosen_t_star,is_naive_default
0.000000,9000,0.015667,1.000000,72000.000000,0.000000,72000.000000,False,False
0.000012,9000,0.015667,1.000000,72000.000000,0.000000,72000.000000,False,False
0.000028,8977,0.015707,1.000000,71816.000000,0.000000,71816.000000,False,False
0.000039,8954,0.015747,1.000000,71632.000000,0.000000,71632.000000,False,False
0.000049,8932,0.015786,1.000000,71456.000000,0.000000,71456.000000,False,False
0.000055,8909,0.015827,1.000000,71272.000000,0.000000,71272.000000,False,False
0.000061,8887,0.015866,1.000000,71096.000000,0.000000,71096.000000,False,False
0.000068,8864,0.015907,1.000000,70912.000000,0.000000,70912.000000,False,False
0.000076,8842,0.015947,1.000000,70736.000000,0.000000,70736.000000,False,False
0.000080,8819,0.015988,1.000000,70552.000000,0.000000,70552.000000,False,False
0.000084,8797,0.016028,1.000000,70376.000000,0.000000,70376.000000,False,False
0.000092,8774,0.016070,1.000000,70192.000000,0.000000,70192.000000,False,False
0.000097,8751,0.016112,1.000000,70008.000000,0.000000,70008.000000,False,False
0.000102,8729,0.016153,1.000000,69832.000000,0.000000,69832.000000,False,False
0.000108,8706,0.016196,1.000000,69648.000000,0.000000,69648.000000,False,False
0.000113,8684,0.016237,1.000000,69472.000000,0.000000,69472.000000,False,False
0.000117,8661,0.016280,1.000000,69288.000000,0.000000,69288.000000,False,False
0.000123,8639,0.016321,1.000000,69112.000000,0.000000,69112.000000,False,False
0.000127,8616,0.016249,0.992908,68928.000000,12.780000,68940.780000,False,False
0.000133,8594,0.016290,0.992908,68752.000000,12.780000,68764.780000,False,False
0.000138,8571,0.016334,0.992908,68568.000000,12.780000,68580.780000,False,False
0.000142,8548,0.016378,0.992908,68384.000000,12.780000,68396.780000,False,False
0.000148,8526,0.016420,0.992908,68208.000000,12.780000,68220.780000,False,False
0.000151,8503,0.016465,0.992908,68024.000000,12.780000,68036.780000,False,False
0.000159,8481,0.016507,0.992908,67848.000000,12.780000,67860.780000,False,False
0.000163,8458,0.016552,0.992908,67664.000000,12.780000,67676.780000,False,False
0.000166,8436,0.016596,0.992908,67488.000000,12.780000,67500.780000,False,False
0.000171,8413,0.016641,0.992908,67304.000000,12.780000,67316.780000,False,False
0.000176,8391,0.016685,0.992908,67128.000000,12.780000,67140.780000,False,False
0.000180,8368,0.016730,0.992908,66944.000000,12.780000,66956.780000,False,False
0.000184,8345,0.016777,0.992908,66760.000000,12.780000,66772.780000,False,False
0.000189,8323,0.016821,0.992908,66584.000000,12.780000,66596.780000,False,False
0.000193,8300,0.016867,0.992908,66400.000000,12.780000,66412.780000,False,False
0.000197,8278,0.016912,0.992908,66224.000000,12.780000,66236.780000,False,False
0.000202,8255,0.016959,0.992908,66040.000000,12.780000,66052.780000,False,False
0.000207,8233,0.017005,0.992908,65864.000000,12.780000,65876.780000,False,False
0.000212,8210,0.017052,0.992908,65680.000000,12.780000,65692.780000,False,False
0.000216,8188,0.017098,0.992908,65504.000000,12.780000,65516.780000,False,False
0.000221,8165,0.017146,0.992908,65320.000000,12.780000,65332.780000,False,False
0.000227,8142,0.017195,0.992908,65136.000000,12.780000,65148.780000,False,False
0.000233,8120,0.017241,0.992908,64960.000000,12.780000,64972.780000,False,False
0.000237,8097,0.017290,0.992908,64776.000000,12.780000,64788.780000,False,False
0.000241,8075,0.017337,0.992908,64600.000000,12.780000,64612.780000,False,False
0.000247,8052,0.017387,0.992908,64416.000000,12.780000,64428.780000,False,False
0.000254,8030,0.017435,0.992908,64240.000000,12.780000,64252.780000,False,False
0.000259,8007,0.017485,0.992908,64056.000000,12.780000,64068.780000,False,False
0.000266,7985,0.017533,0.992908,63880.000000,12.780000,63892.780000,False,False
0.000271,7962,0.017584,0.992908,63696.000000,12.780000,63708.780000,False,False
0.000276,7939,0.017634,0.992908,63512.000000,12.780000,63524.780000,False,False
0.000281,7917,0.017683,0.992908,63336.000000,12.780000,63348.780000,False,False
0.000287,7894,0.017735,0.992908,63152.000000,12.780000,63164.780000,False,False
0.000291,7872,0.017785,0.992908,62976.000000,12.780000,62988.780000,False,False
0.000296,7849,0.017837,0.992908,62792.000000,12.780000,62804.780000,False,False
0.000301,7827,0.017887,0.992908,62616.000000,12.780000,62628.780000,False,False
0.000306,7804,0.017940,0.992908,62432.000000,12.780000,62444.780000,False,False
0.000312,7782,0.017990,0.992908,62256.000000,12.780000,62268.780000,False,False
0.000320,7759,0.018044,0.992908,62072.000000,12.780000,62084.780000,False,False
0.000326,7736,0.018097,0.992908,61888.000000,12.780000,61900.780000,False,False
0.000332,7714,0.018149,0.992908,61712.000000,12.780000,61724.780000,False,False
0.000337,7691,0.018203,0.992908,61528.000000,12.780000,61540.780000,False,False
0.000344,7669,0.018255,0.992908,61352.000000,12.780000,61364.780000,False,False
0.000349,7646,0.018310,0.992908,61168.000000,12.780000,61180.780000,False,False
0.000353,7624,0.018363,0.992908,60992.000000,12.780000,61004.780000,False,False
0.000357,7601,0.018419,0.992908,60808.000000,12.780000,60820.780000,False,False
0.000365,7579,0.018472,0.992908,60632.000000,12.780000,60644.780000,False,False
0.000369,7556,0.018528,0.992908,60448.000000,12.780000,60460.780000,False,False
0.000378,7533,0.018585,0.992908,60264.000000,12.780000,60276.780000,False,False
0.000382,7511,0.018639,0.992908,60088.000000,12.780000,60100.780000,False,False
0.000386,7488,0.018697,0.992908,59904.000000,12.780000,59916.780000,False,False
0.000390,7466,0.018752,0.992908,59728.000000,12.780000,59740.780000,False,False
0.000395,7443,0.018810,0.992908,59544.000000,12.780000,59556.780000,False,False
0.000400,7421,0.018865,0.992908,59368.000000,12.780000,59380.780000,False,False
0.000406,7398,0.018924,0.992908,59184.000000,12.780000,59196.780000,False,False
0.000414,7376,0.018980,0.992908,59008.000000,12.780000,59020.780000,False,False
0.000421,7353,0.019040,0.992908,58824.000000,12.780000,58836.780000,False,False
0.000428,7331,0.019097,0.992908,58648.000000,12.780000,58660.780000,False,False
0.000433,7308,0.019157,0.992908,58464.000000,12.780000,58476.780000,False,False
0.000438,7285,0.019218,0.992908,58280.000000,12.780000,58292.780000,False,False
0.000445,7263,0.019276,0.992908,58104.000000,12.780000,58116.780000,False,False
0.000455,7240,0.019337,0.992908,57920.000000,12.780000,57932.780000,False,False
0.000463,7218,0.019396,0.992908,57744.000000,12.780000,57756.780000,False,False
0.000471,7195,0.019458,0.992908,57560.000000,12.780000,57572.780000,False,False
0.000477,7173,0.019518,0.992908,57384.000000,12.780000,57396.780000,False,False
0.000484,7150,0.019580,0.992908,57200.000000,12.780000,57212.780000,False,False
0.000495,7128,0.019641,0.992908,57024.000000,12.780000,57036.780000,False,False
0.000506,7105,0.019704,0.992908,56840.000000,12.780000,56852.780000,False,False
0.000512,7082,0.019768,0.992908,56656.000000,12.780000,56668.780000,False,False
0.000520,7060,0.019830,0.992908,56480.000000,12.780000,56492.780000,False,False
0.000526,7037,0.019895,0.992908,56296.000000,12.780000,56308.780000,False,False
0.000533,7015,0.019957,0.992908,56120.000000,12.780000,56132.780000,False,False
0.000541,6992,0.020023,0.992908,55936.000000,12.780000,55948.780000,False,False
0.000548,6970,0.019943,0.985816,55760.000000,40.100000,55800.100000,False,False
0.000557,6947,0.020009,0.985816,55576.000000,40.100000,55616.100000,False,False
0.000566,6925,0.020072,0.985816,55400.000000,40.100000,55440.100000,False,False
0.000574,6902,0.020139,0.985816,55216.000000,40.100000,55256.100000,False,False
0.000580,6879,0.020206,0.985816,55032.000000,40.100000,55072.100000,False,False
0.000588,6857,0.020271,0.985816,54856.000000,40.100000,54896.100000,False,False
0.000594,6834,0.020339,0.985816,54672.000000,40.100000,54712.100000,False,False
0.000601,6812,0.020405,0.985816,54496.000000,40.100000,54536.100000,False,False
0.000609,6789,0.020474,0.985816,54312.000000,40.100000,54352.100000,False,False
0.000617,6767,0.020541,0.985816,54136.000000,40.100000,54176.100000,False,False
0.000627,6744,0.020611,0.985816,53952.000000,40.100000,53992.100000,False,False
0.000635,6722,0.020678,0.985816,53776.000000,40.100000,53816.100000,False,False
0.000647,6699,0.020749,0.985816,53592.000000,40.100000,53632.100000,False,False
0.000655,6676,0.020821,0.985816,53408.000000,40.100000,53448.100000,False,False
0.000661,6654,0.020890,0.985816,53232.000000,40.100000,53272.100000,False,False
0.000668,6631,0.020962,0.985816,53048.000000,40.100000,53088.100000,False,False
0.000677,6609,0.021032,0.985816,52872.000000,40.100000,52912.100000,False,False
0.000686,6586,0.021105,0.985816,52688.000000,40.100000,52728.100000,False,False
0.000694,6564,0.021176,0.985816,52512.000000,40.100000,52552.100000,False,False
0.000700,6541,0.021251,0.985816,52328.000000,40.100000,52368.100000,False,False
0.000711,6519,0.021322,0.985816,52152.000000,40.100000,52192.100000,False,False
0.000720,6496,0.021398,0.985816,51968.000000,40.100000,52008.100000,False,False
0.000731,6473,0.021474,0.985816,51784.000000,40.100000,51824.100000,False,False
0.000743,6451,0.021547,0.985816,51608.000000,40.100000,51648.100000,False,False
0.000752,6428,0.021624,0.985816,51424.000000,40.100000,51464.100000,False,False
0.000763,6406,0.021698,0.985816,51248.000000,40.100000,51288.100000,False,False
0.000772,6383,0.021777,0.985816,51064.000000,40.100000,51104.100000,False,False
0.000779,6361,0.021852,0.985816,50888.000000,40.100000,50928.100000,False,False
0.000794,6338,0.021931,0.985816,50704.000000,40.100000,50744.100000,False,False
0.000803,6316,0.022008,0.985816,50528.000000,40.100000,50568.100000,False,False
0.000815,6293,0.022088,0.985816,50344.000000,40.100000,50384.100000,False,False
0.000824,6270,0.022169,0.985816,50160.000000,40.100000,50200.100000,False,False
0.000834,6248,0.022247,0.985816,49984.000000,40.100000,50024.100000,False,False
0.000844,6225,0.022329,0.985816,49800.000000,40.100000,49840.100000,False,False
0.000853,6203,0.022409,0.985816,49624.000000,40.100000,49664.100000,False,False
0.000863,6180,0.022492,0.985816,49440.000000,40.100000,49480.100000,False,False
0.000873,6158,0.022572,0.985816,49264.000000,40.100000,49304.100000,False,False
0.000884,6135,0.022657,0.985816,49080.000000,40.100000,49120.100000,False,False
0.000893,6113,0.022738,0.985816,48904.000000,40.100000,48944.100000,False,False
0.000904,6090,0.022824,0.985816,48720.000000,40.100000,48760.100000,False,False
0.000915,6067,0.022911,0.985816,48536.000000,40.100000,48576.100000,False,False
0.000933,6045,0.022994,0.985816,48360.000000,40.100000,48400.100000,False,False
0.000946,6022,0.023082,0.985816,48176.000000,40.100000,48216.100000,False,False
0.000954,6000,0.023167,0.985816,48000.000000,40.100000,48040.100000,False,False
0.000972,5977,0.023256,0.985816,47816.000000,40.100000,47856.100000,False,False
0.000985,5955,0.023342,0.985816,47640.000000,40.100000,47680.100000,False,False
0.000995,5932,0.023432,0.985816,47456.000000,40.100000,47496.100000,False,False
0.001007,5910,0.023519,0.985816,47280.000000,40.100000,47320.100000,False,False
0.001019,5887,0.023441,0.978723,47096.000000,65.550000,47161.550000,False,False
0.001032,5865,0.023529,0.978723,46920.000000,65.550000,46985.550000,False,False
0.001047,5842,0.023622,0.978723,46736.000000,65.550000,46801.550000,False,False
0.001062,5819,0.023715,0.978723,46552.000000,65.550000,46617.550000,False,False
0.001074,5797,0.023805,0.978723,46376.000000,65.550000,46441.550000,False,False
0.001078,5774,0.023900,0.978723,46192.000000,65.550000,46257.550000,False,False
0.001088,5752,0.023992,0.978723,46016.000000,65.550000,46081.550000,False,False
0.001101,5729,0.024088,0.978723,45832.000000,65.550000,45897.550000,False,False
0.001111,5707,0.024181,0.978723,45656.000000,65.550000,45721.550000,False,False
0.001126,5684,0.024279,0.978723,45472.000000,65.550000,45537.550000,False,False
0.001139,5662,0.024196,0.971631,45296.000000,161.110000,45457.110000,False,False
0.001155,5639,0.024295,0.971631,45112.000000,161.110000,45273.110000,False,False
0.001167,5616,0.024395,0.971631,44928.000000,161.110000,45089.110000,False,False
0.001181,5594,0.024491,0.971631,44752.000000,161.110000,44913.110000,False,False
0.001195,5571,0.024592,0.971631,44568.000000,161.110000,44729.110000,False,False
0.001212,5549,0.024689,0.971631,44392.000000,161.110000,44553.110000,False,False
0.001227,5526,0.024792,0.971631,44208.000000,161.110000,44369.110000,False,False
0.001245,5504,0.024891,0.971631,44032.000000,161.110000,44193.110000,False,False
0.001262,5481,0.024995,0.971631,43848.000000,161.110000,44009.110000,False,False
0.001280,5459,0.025096,0.971631,43672.000000,161.110000,43833.110000,False,False
0.001297,5436,0.025202,0.971631,43488.000000,161.110000,43649.110000,False,False
0.001305,5413,0.025309,0.971631,43304.000000,161.110000,43465.110000,False,False
0.001319,5391,0.025413,0.971631,43128.000000,161.110000,43289.110000,False,False
0.001337,5368,0.025522,0.971631,42944.000000,161.110000,43105.110000,False,False
0.001353,5346,0.025627,0.971631,42768.000000,161.110000,42929.110000,False,False
0.001368,5323,0.025737,0.971631,42584.000000,161.110000,42745.110000,False,False
0.001390,5301,0.025844,0.971631,42408.000000,161.110000,42569.110000,False,False
0.001408,5278,0.025957,0.971631,42224.000000,161.110000,42385.110000,False,False
0.001429,5256,0.026065,0.971631,42048.000000,161.110000,42209.110000,False,False
0.001447,5233,0.026180,0.971631,41864.000000,161.110000,42025.110000,False,False
0.001456,5210,0.026296,0.971631,41680.000000,161.110000,41841.110000,False,False
0.001477,5188,0.026407,0.971631,41504.000000,161.110000,41665.110000,False,False
0.001493,5165,0.026525,0.971631,41320.000000,161.110000,41481.110000,False,False
0.001512,5143,0.026638,0.971631,41144.000000,161.110000,41305.110000,False,False
0.001529,5120,0.026758,0.971631,40960.000000,161.110000,41121.110000,False,False
0.001543,5098,0.026873,0.971631,40784.000000,161.110000,40945.110000,False,False
0.001557,5075,0.026995,0.971631,40600.000000,161.110000,40761.110000,False,False
0.001575,5053,0.027113,0.971631,40424.000000,161.110000,40585.110000,False,False
0.001595,5030,0.027237,0.971631,40240.000000,161.110000,40401.110000,False,False
0.001615,5007,0.027362,0.971631,40056.000000,161.110000,40217.110000,False,False
0.001630,4985,0.027482,0.971631,39880.000000,161.110000,40041.110000,False,False
0.001655,4962,0.027610,0.971631,39696.000000,161.110000,39857.110000,False,False
0.001678,4940,0.027733,0.971631,39520.000000,161.110000,39681.110000,False,False
0.001695,4917,0.027863,0.971631,39336.000000,161.110000,39497.110000,False,False
0.001713,4895,0.027783,0.964539,39160.000000,199.000000,39359.000000,False,False
0.001741,4872,0.027915,0.964539,38976.000000,199.000000,39175.000000,False,False
0.001760,4850,0.028041,0.964539,38800.000000,199.000000,38999.000000,False,False
0.001780,4827,0.028175,0.964539,38616.000000,199.000000,38815.000000,False,False
0.001803,4804,0.028310,0.964539,38432.000000,199.000000,38631.000000,False,False
0.001823,4782,0.028440,0.964539,38256.000000,199.000000,38455.000000,False,False
0.001855,4759,0.028577,0.964539,38072.000000,199.000000,38271.000000,False,False
0.001872,4737,0.028710,0.964539,37896.000000,199.000000,38095.000000,False,False
0.001894,4714,0.028850,0.964539,37712.000000,199.000000,37911.000000,False,False
0.001923,4692,0.028986,0.964539,37536.000000,199.000000,37735.000000,False,False
0.001949,4669,0.029128,0.964539,37352.000000,199.000000,37551.000000,False,False
0.001971,4647,0.029266,0.964539,37176.000000,199.000000,37375.000000,False,False
0.002002,4624,0.029412,0.964539,36992.000000,199.000000,37191.000000,False,False
0.002030,4601,0.029559,0.964539,36808.000000,199.000000,37007.000000,False,False
0.002063,4579,0.029701,0.964539,36632.000000,199.000000,36831.000000,False,False
0.002086,4556,0.029851,0.964539,36448.000000,199.000000,36647.000000,False,False
0.002113,4534,0.029996,0.964539,36272.000000,199.000000,36471.000000,False,False
0.002140,4511,0.030149,0.964539,36088.000000,199.000000,36287.000000,False,False
0.002169,4489,0.030296,0.964539,35912.000000,199.000000,36111.000000,False,False
0.002195,4466,0.030452,0.964539,35728.000000,199.000000,35927.000000,False,False
0.002223,4444,0.030603,0.964539,35552.000000,199.000000,35751.000000,False,False
0.002248,4421,0.030762,0.964539,35368.000000,199.000000,35567.000000,False,False
0.002268,4399,0.030689,0.957447,35192.000000,248.570000,35440.570000,False,False
0.002305,4376,0.030850,0.957447,35008.000000,248.570000,35256.570000,False,False
0.002335,4353,0.031013,0.957447,34824.000000,248.570000,35072.570000,False,False
0.002366,4331,0.031171,0.957447,34648.000000,248.570000,34896.570000,False,False
0.002390,4308,0.031337,0.957447,34464.000000,248.570000,34712.570000,False,False
0.002412,4286,0.031498,0.957447,34288.000000,248.570000,34536.570000,False,False
0.002440,4263,0.031668,0.957447,34104.000000,248.570000,34352.570000,False,False
0.002474,4241,0.031596,0.950355,33928.000000,282.730000,34210.730000,False,False
0.002494,4218,0.031769,0.950355,33744.000000,282.730000,34026.730000,False,False
0.002517,4196,0.031935,0.950355,33568.000000,282.730000,33850.730000,False,False
0.002539,4173,0.032111,0.950355,33384.000000,282.730000,33666.730000,False,False
0.002579,4150,0.032289,0.950355,33200.000000,282.730000,33482.730000,False,False
0.002617,4128,0.032461,0.950355,33024.000000,282.730000,33306.730000,False,False
0.002657,4105,0.032400,0.943262,32840.000000,308.930000,33148.930000,False,False
0.002684,4083,0.032574,0.943262,32664.000000,308.930000,32972.930000,False,False
0.002720,4060,0.032759,0.943262,32480.000000,308.930000,32788.930000,False,False
0.002758,4038,0.032937,0.943262,32304.000000,308.930000,32612.930000,False,False
0.002807,4015,0.033126,0.943262,32120.000000,308.930000,32428.930000,False,False
0.002843,3993,0.033308,0.943262,31944.000000,308.930000,32252.930000,False,False
0.002880,3970,0.033501,0.943262,31760.000000,308.930000,32068.930000,False,False
0.002926,3947,0.033696,0.943262,31576.000000,308.930000,31884.930000,False,False
0.002956,3925,0.033885,0.943262,31400.000000,308.930000,31708.930000,False,False
0.002999,3902,0.034085,0.943262,31216.000000,308.930000,31524.930000,False,False
0.003037,3880,0.034278,0.943262,31040.000000,308.930000,31348.930000,False,False
0.003087,3857,0.034483,0.943262,30856.000000,308.930000,31164.930000,False,False
0.003121,3835,0.034681,0.943262,30680.000000,308.930000,30988.930000,False,False
0.003164,3812,0.034890,0.943262,30496.000000,308.930000,30804.930000,False,False
0.003193,3790,0.035092,0.943262,30320.000000,308.930000,30628.930000,False,False
0.003236,3767,0.035307,0.943262,30136.000000,308.930000,30444.930000,False,False
0.003280,3744,0.035524,0.943262,29952.000000,308.930000,30260.930000,False,False
0.003320,3722,0.035733,0.943262,29776.000000,308.930000,30084.930000,False,False
0.003362,3699,0.035956,0.943262,29592.000000,308.930000,29900.930000,False,False
0.003395,3677,0.035899,0.936170,29416.000000,360.160000,29776.160000,False,False
0.003438,3654,0.035851,0.929078,29232.000000,375.940000,29607.940000,False,False
0.003488,3632,0.036068,0.929078,29056.000000,375.940000,29431.940000,False,False
0.003536,3609,0.036298,0.929078,28872.000000,375.940000,29247.940000,False,False
0.003568,3587,0.036521,0.929078,28696.000000,375.940000,29071.940000,False,False
0.003596,3564,0.036756,0.929078,28512.000000,375.940000,28887.940000,False,False
0.003666,3541,0.036995,0.929078,28328.000000,375.940000,28703.940000,False,False
0.003726,3519,0.037226,0.929078,28152.000000,375.940000,28527.940000,False,False
0.003770,3496,0.037471,0.929078,27968.000000,375.940000,28343.940000,False,False
0.003826,3474,0.037709,0.929078,27792.000000,375.940000,28167.940000,False,False
0.003881,3451,0.037960,0.929078,27608.000000,375.940000,27983.940000,False,False
0.003930,3429,0.038204,0.929078,27432.000000,375.940000,27807.940000,False,False
0.003978,3406,0.038462,0.929078,27248.000000,375.940000,27623.940000,False,False
0.004048,3384,0.038416,0.921986,27072.000000,416.410000,27488.410000,False,False
0.004102,3361,0.038679,0.921986,26888.000000,416.410000,27304.410000,False,False
0.004150,3338,0.038945,0.921986,26704.000000,416.410000,27120.410000,False,False
0.004202,3316,0.039204,0.921986,26528.000000,416.410000,26944.410000,False,False
0.004254,3293,0.039478,0.921986,26344.000000,416.410000,26760.410000,False,False
0.004342,3271,0.039743,0.921986,26168.000000,416.410000,26584.410000,False,False
0.004398,3248,0.040025,0.921986,25984.000000,416.410000,26400.410000,False,False
0.004484,3226,0.040298,0.921986,25808.000000,416.410000,26224.410000,False,False
0.004532,3203,0.040587,0.921986,25624.000000,416.410000,26040.410000,False,False
0.004588,3181,0.040868,0.921986,25448.000000,416.410000,25864.410000,False,False
0.004646,3158,0.041165,0.921986,25264.000000,416.410000,25680.410000,False,False
0.004704,3135,0.041467,0.921986,25080.000000,416.410000,25496.410000,False,False
0.004770,3113,0.041760,0.921986,24904.000000,416.410000,25320.410000,False,False
0.004839,3090,0.042071,0.921986,24720.000000,416.410000,25136.410000,False,False
0.004881,3068,0.042373,0.921986,24544.000000,416.410000,24960.410000,False,False
0.004925,3045,0.042693,0.921986,24360.000000,416.410000,24776.410000,False,False
0.005014,3023,0.043004,0.921986,24184.000000,416.410000,24600.410000,False,False
0.005090,3000,0.043333,0.921986,24000.000000,416.410000,24416.410000,False,False
0.005166,2978,0.043653,0.921986,23824.000000,416.410000,24240.410000,False,False
0.005245,2955,0.043993,0.921986,23640.000000,416.410000,24056.410000,False,False
0.005321,2933,0.044323,0.921986,23464.000000,416.410000,23880.410000,False,False
0.005387,2910,0.044674,0.921986,23280.000000,416.410000,23696.410000,False,False
0.005446,2887,0.044683,0.914894,23096.000000,445.840000,23541.840000,False,False
0.005508,2865,0.044677,0.907801,22920.000000,459.110000,23379.110000,False,False
0.005583,2842,0.045039,0.907801,22736.000000,459.110000,23195.110000,False,False
0.005658,2820,0.045035,0.900709,22560.000000,511.060000,23071.060000,False,False
0.005732,2797,0.045406,0.900709,22376.000000,511.060000,22887.060000,False,False
0.005839,2775,0.045766,0.900709,22200.000000,511.060000,22711.060000,False,False
0.005913,2752,0.046148,0.900709,22016.000000,511.060000,22527.060000,False,False
0.005988,2730,0.046520,0.900709,21840.000000,511.060000,22351.060000,False,False
0.006116,2707,0.046915,0.900709,21656.000000,511.060000,22167.060000,False,False
0.006203,2684,0.047317,0.900709,21472.000000,511.060000,21983.060000,False,False
0.006302,2662,0.047708,0.900709,21296.000000,511.060000,21807.060000,False,False
0.006405,2639,0.048124,0.900709,21112.000000,511.060000,21623.060000,False,False
0.006483,2617,0.048529,0.900709,20936.000000,511.060000,21447.060000,False,False
0.006564,2594,0.048959,0.900709,20752.000000,511.060000,21263.060000,False,False
0.006671,2572,0.048989,0.893617,20576.000000,523.610000,21099.610000,False,False
0.006754,2549,0.049431,0.893617,20392.000000,523.610000,20915.610000,False,False
0.006875,2527,0.049861,0.893617,20216.000000,523.610000,20739.610000,False,False
0.006986,2504,0.050319,0.893617,20032.000000,523.610000,20555.610000,False,False
0.007113,2481,0.050383,0.886525,19848.000000,669.800000,20517.800000,False,False
0.007225,2459,0.050427,0.879433,19672.000000,724.090000,20396.090000,False,False
0.007314,2436,0.050903,0.879433,19488.000000,724.090000,20212.090000,False,False
0.007404,2414,0.051367,0.879433,19312.000000,724.090000,20036.090000,False,False
0.007496,2391,0.051861,0.879433,19128.000000,724.090000,19852.090000,False,False
0.007618,2369,0.052343,0.879433,18952.000000,724.090000,19676.090000,False,False
0.007820,2346,0.052856,0.879433,18768.000000,724.090000,19492.090000,False,False
0.007906,2324,0.053356,0.879433,18592.000000,724.090000,19316.090000,False,False
0.008053,2301,0.053890,0.879433,18408.000000,724.090000,19132.090000,False,False
0.008183,2278,0.054434,0.879433,18224.000000,724.090000,18948.090000,False,False
0.008308,2256,0.054965,0.879433,18048.000000,724.090000,18772.090000,False,False
0.008448,2233,0.055531,0.879433,17864.000000,724.090000,18588.090000,False,False
0.008593,2211,0.056083,0.879433,17688.000000,724.090000,18412.090000,False,False
0.008708,2188,0.056673,0.879433,17504.000000,724.090000,18228.090000,False,False
0.008875,2166,0.057248,0.879433,17328.000000,724.090000,18052.090000,False,False
0.009020,2143,0.057863,0.879433,17144.000000,724.090000,17868.090000,False,False
0.009226,2121,0.058463,0.879433,16968.000000,724.090000,17692.090000,False,False
0.009408,2098,0.058627,0.872340,16784.000000,758.730000,17542.730000,False,False
0.009554,2075,0.059277,0.872340,16600.000000,758.730000,17358.730000,False,False
0.009738,2053,0.059425,0.865248,16424.000000,816.990000,17240.990000,False,False
0.009908,2030,0.060099,0.865248,16240.000000,816.990000,17056.990000,False,False
0.010087,2008,0.060757,0.865248,16064.000000,816.990000,16880.990000,False,False
0.010214,1985,0.061461,0.865248,15880.000000,816.990000,16696.990000,False,False
0.010425,1963,0.062150,0.865248,15704.000000,816.990000,16520.990000,False,False
0.010624,1940,0.062371,0.858156,15520.000000,858.600000,16378.600000,False,False
0.010777,1918,0.062565,0.851064,15344.000000,949.290000,16293.290000,False,False
0.010984,1895,0.063325,0.851064,15160.000000,949.290000,16109.290000,False,False
0.011173,1872,0.064103,0.851064,14976.000000,949.290000,15925.290000,False,False
0.011350,1850,0.064865,0.851064,14800.000000,949.290000,15749.290000,False,False
0.011551,1827,0.065681,0.851064,14616.000000,949.290000,15565.290000,False,False
0.011739,1805,0.065928,0.843972,14440.000000,992.750000,15432.750000,False,False
0.012012,1782,0.066779,0.843972,14256.000000,992.750000,15248.750000,False,False
0.012321,1760,0.067614,0.843972,14080.000000,992.750000,15072.750000,False,False
0.012522,1737,0.068509,0.843972,13896.000000,992.750000,14888.750000,False,False
0.012755,1715,0.069388,0.843972,13720.000000,992.750000,14712.750000,False,False
0.012994,1692,0.070331,0.843972,13536.000000,992.750000,14528.750000,False,False
0.013223,1669,0.071300,0.843972,13352.000000,992.750000,14344.750000,False,False
0.013491,1647,0.072253,0.843972,13176.000000,992.750000,14168.750000,False,False
0.013795,1624,0.073276,0.843972,12992.000000,992.750000,13984.750000,False,False
0.013997,1602,0.074282,0.843972,12816.000000,992.750000,13808.750000,False,False
0.014211,1579,0.075364,0.843972,12632.000000,992.750000,13624.750000,False,False
0.014587,1557,0.076429,0.843972,12456.000000,992.750000,13448.750000,False,False
0.014957,1534,0.076271,0.829787,12272.000000,1144.510000,13416.510000,False,False
0.015229,1512,0.077381,0.829787,12096.000000,1144.510000,13240.510000,False,False
0.015539,1489,0.078576,0.829787,11912.000000,1144.510000,13056.510000,False,False
0.015821,1467,0.079073,0.822695,11736.000000,1191.930000,12927.930000,False,False
0.016179,1444,0.080332,0.822695,11552.000000,1191.930000,12743.930000,False,False
0.016577,1421,0.081633,0.822695,11368.000000,1191.930000,12559.930000,False,False
0.017029,1399,0.082916,0.822695,11192.000000,1191.930000,12383.930000,False,False
0.017428,1376,0.083576,0.815603,11008.000000,1224.700000,12232.700000,False,False
0.017968,1354,0.084934,0.815603,10832.000000,1224.700000,12056.700000,False,False
0.018499,1331,0.086401,0.815603,10648.000000,1224.700000,11872.700000,False,False
0.018836,1309,0.087089,0.808511,10472.000000,1241.790000,11713.790000,False,False
0.019276,1286,0.088647,0.808511,10288.000000,1241.790000,11529.790000,False,False
0.019649,1264,0.090190,0.808511,10112.000000,1241.790000,11353.790000,False,False
0.020165,1241,0.091861,0.808511,9928.000000,1241.790000,11169.790000,False,False
0.020804,1218,0.093596,0.808511,9744.000000,1241.790000,10985.790000,False,False
0.021299,1196,0.095318,0.808511,9568.000000,1241.790000,10809.790000,False,False
0.021923,1173,0.097187,0.808511,9384.000000,1241.790000,10625.790000,False,False
0.022866,1151,0.099044,0.808511,9208.000000,1241.790000,10449.790000,False,False
0.023666,1128,0.101064,0.808511,9024.000000,1241.790000,10265.790000,False,False
0.024340,1106,0.103074,0.808511,8848.000000,1241.790000,10089.790000,False,False
0.024916,1083,0.105263,0.808511,8664.000000,1241.790000,9905.790000,False,False
0.025720,1061,0.105561,0.794326,8488.000000,1390.800000,9878.800000,False,False
0.026604,1038,0.105010,0.773050,8304.000000,2191.150000,10495.150000,False,False
0.027267,1015,0.107389,0.773050,8120.000000,2191.150000,10311.150000,False,False
0.028266,993,0.109768,0.773050,7944.000000,2191.150000,10135.150000,False,False
0.029013,970,0.112371,0.773050,7760.000000,2191.150000,9951.150000,False,False
0.029666,948,0.114979,0.773050,7584.000000,2191.150000,9775.150000,False,False
0.030277,925,0.117838,0.773050,7400.000000,2191.150000,9591.150000,False,False
0.031193,903,0.120709,0.773050,7224.000000,2191.150000,9415.150000,False,False
0.032311,880,0.122727,0.765957,7040.000000,2230.280000,9270.280000,False,False
0.033233,858,0.125874,0.765957,6864.000000,2230.280000,9094.280000,False,False
0.034486,835,0.129341,0.765957,6680.000000,2230.280000,8910.280000,False,False
0.035487,812,0.133005,0.765957,6496.000000,2230.280000,8726.280000,False,False
0.036365,790,0.135443,0.758865,6320.000000,2365.850000,8685.850000,False,False
0.037565,767,0.139505,0.758865,6136.000000,2365.850000,8501.850000,False,False
0.038735,745,0.143624,0.758865,5960.000000,2365.850000,8325.850000,False,False
0.040596,722,0.146814,0.751773,5776.000000,2547.990000,8323.990000,False,False
0.041696,700,0.145714,0.723404,5600.000000,2913.430000,8513.430000,False,False
0.042873,677,0.149188,0.716312,5416.000000,2955.410000,8371.410000,False,False
0.044508,655,0.154198,0.716312,5240.000000,2955.410000,8195.410000,False,False
0.046744,632,0.159810,0.716312,5056.000000,2955.410000,8011.410000,True,False
0.048415,609,0.160920,0.695035,4872.000000,3510.080000,8382.080000,False,False
0.050091,587,0.165247,0.687943,4696.000000,3568.230000,8264.230000,False,False
0.052014,564,0.168440,0.673759,4512.000000,4708.920000,9220.920000,False,False
0.054664,542,0.173432,0.666667,4336.000000,4770.680000,9106.680000,False,False
0.056645,519,0.179191,0.659574,4152.000000,4818.650000,8970.650000,False,False
0.059867,497,0.185111,0.652482,3976.000000,5000.710000,8976.710000,False,False
0.062817,474,0.191983,0.645390,3792.000000,5031.160000,8823.160000,False,False
0.065741,452,0.196903,0.631206,3616.000000,5487.030000,9103.030000,False,False
0.068822,429,0.207459,0.631206,3432.000000,5487.030000,8919.030000,False,False
0.072007,406,0.216749,0.624113,3248.000000,5787.050000,9035.050000,False,False
0.077730,384,0.226562,0.617021,3072.000000,5856.790000,8928.790000,False,False
0.083449,361,0.235457,0.602837,2888.000000,6071.800000,8959.800000,False,False
0.088246,339,0.247788,0.595745,2712.000000,6219.560000,8931.560000,False,False
0.093008,316,0.256329,0.574468,2528.000000,6738.840000,9266.840000,False,False
0.102341,294,0.268707,0.560284,2352.000000,7178.970000,9530.970000,False,False
0.110310,271,0.280443,0.539007,2168.000000,7509.580000,9677.580000,False,False
0.119398,249,0.305221,0.539007,1992.000000,7509.580000,9501.580000,False,False
0.129485,226,0.318584,0.510638,1808.000000,8377.180000,10185.180000,False,False
0.143232,203,0.334975,0.482270,1624.000000,9047.110000,10671.110000,False,False
0.160870,181,0.370166,0.475177,1448.000000,9238.210000,10686.210000,False,False
0.177136,158,0.398734,0.446809,1264.000000,10192.340000,11456.340000,False,False
0.201961,136,0.404412,0.390071,1088.000000,12739.310000,13827.310000,False,False
0.225345,113,0.398230,0.319149,904.000000,15582.790000,16486.790000,False,False
0.257125,91,0.472527,0.304965,728.000000,16137.040000,16865.040000,False,False
0.318191,68,0.544118,0.262411,544.000000,16917.510000,17461.510000,False,False
0.397489,46,0.500000,0.163121,368.000000,19865.140000,20233.140000,False,False
0.500000,28,0.642857,0.127660,224.000000,20860.120000,21084.120000,False,True
0.527583,23,0.652174,0.106383,184.000000,21263.340000,21447.340000,False,False
0.980798,1,1.000000,0.007092,8.000000,23840.350000,23848.350000,False,False
1.000000,0,0.000000,0.000000,0.000000,24210.350000,24210.350000,False,False
